FGMID,Mitigation Name,Mitigation Description,where is it found?
FGM5001,Disable malicious transmitter,Disable or remove an RF transmitter,FGT5035 Radio Jamming
FGM5002,Discard RAN signaling received without integrity protection,"User Equipment (UE) can reject for example RRC signaling such as RRC Release with Redirect info, if not integrity protected",FGT1562.501 Impair Defenses: Bid down UE
FGM5003,Cross check between application layer and transport layer,NFs such as NRF should cross check with TLS layer before issuing token to an NF,
FGM5004,Correctly configure SMS firewall,"Employ a SMS Router that intercepts incoming location queries (from other operators), configured so that it can't be subverted",
FGM5005,Physical and environmental protection,"Physical protection of: communications centers, Telecommunications equipment room, Physically isolated operation areas, Equipment sited in other carrier's or partner's premises, cable/fibers, junction boxes, etc",
FGM5006,Restrictive user profile,Prevent insecure user profile configuration in network or UE,"FGT5012.002, FGT5019.002, FGT1040.501, FGT5009.001 "
FGM5007,Unlimited data plan,Subscription that includes unlimited data can prevent DoS due to exhausion of data plan limits,
FGM5008,Monitor installed applications for data usage,"On the UE, monitor installed applications for data usage and perform throttling if necessary",
FGM5010,Non-Persistent Services,Services are refreshed periodically and/or terminated after completion of a request,
FGM5012,Slice ID check,Check if IMSI is served by the slice ID (NSSAI),
FGM5013,Timely updates to UE status,UDM/UDR should correctly implement UE authentication/registration status updates,
FGM5014,UE location plausibility,UDM can check whether a requesting AMF is likely to be the one serving that UE,
FGM5019,Authorize external API calls,5G NFs should authorize API calls especially from external AFs for service accesses,
FGM5020,Secure subscriber repositories,"Secure all subscriber databases in 5G network, for example,  Equipment Identity Register (EIR)",
FGM5021,Increase RACH (Random Access Channel) resources,"Increase RACH resources on the gNB (bandwith, time slots)",
FGM5022,Proxy home network,"When the subscriber affiliation is reflected in the home network identifier (part of subscriber identifier), and would benefit from not being sent in the clear, the subscriber's provider (home network) should be a proxy mobile network operator - whose identifier does not reveal the true affiliation of the subscriber",
FGM5023,Periodic Authentication & Authorization of NFs,Perform periodic authentication and authorization of consumer NFs by NRF,T1499.503 DOS a UE via gNB or NF signaling
FGM5024,Integrity protection of data communication,Use strong data integrity protection algorithms,"T1565.002 Modify Data on SMO ext interfaces
T1565.002 Redirection of DNS requests
T1642.501 Endpoint Denial of Service: Transmit Spoofed Broadcast Message
FGT5009.002 Network Interfaces"
FGM5033,Zero Trust,Use zero trust principles for application/NF protection,
FGM5088,Separate repositories for development and production,Separate repositositories must be maintained for development and production software to avoid access and image slipovers,
FGM5091,Mutual authentication,"Enforce strong mutual authentication methods between service providers and service consumers in the transport, core and O-RAN systems","FGT5004, FGT5004.001, FGT5004.002, FGT5034, FGT5034.001"
FGM5092,Warn user,UE warns user of lower security network ,
FGM5093,SUCI parameter checks,"UDM/SIDF checks SUCI for freshness, whether it has been seen before, and for crypto parameters (example: if SUCI freshness parameter from the same UE (with same SUPI) is identical during SUCI deconcealment within a short period of time)",
FGM5094,Allocate new 5G identifiers judiciously,Network (AMF) should allocate new 5G-GUTI whenever possible; UPF and gNB should allocate unique Tunnel IDs; SMF should check newly allocated charging IDs,
FGM5095,TLS certificate check,Verify if the TLS certificate is valid for the endpoint,
FGM5096,Disable UE location use,Disable usage of location on UE device,
FGM5097,Disable acceptance of a less secure system,Restrict UE to bid down (from 5G) or use of less secure system,
FGM5098,Reduce UE usage,Use UE only when needed Turn power off when not in use,
FGM5099,Move UE close to gNB,Move UE close to gNB or indoors to make geo-location harder,
FGM5100,Raise height of UE,"Raising the height of the UE may move it outside another RF source, for example, jammer",
FGM5101,Isolate CDR database,Isolate CDR databases from the rest of the IT systems/NOC resources,
FGM5102,Silent SMS blocker ,Run at the UE side an application/tool to detect and not respond to silent SMS messages,
FGM5500,Restrict access to operator OA&M resources,Restrict access to IR 21 database and other such operator repositories,
FGM5503,Increase control of home network for user plane,Examples: employ home routing vs local bypass,
FGM5504,Resource Isolation in virtualization environment,"Cloud compute, cloud storage and any serverless activity should be isolated from other tenants  ",
FGM5505,Hardware mediated  execution environment,Employ secure and isolated space on processors to protect data and code from the rest of the system,
FGM5506,Network slice templates,Use of templates for network slicing can enforce baseline security and isolation requirements,
FGM5507,TEID allocation,Randomize TEID allocations,FGT5031 Discover TEID
FGM5509,Screen signaling and user plane messages,Filter control plane and user plane messages to rate limit or block the ones with malicious contents,"FGT1499.002 UDM DOS via SUCI replay
FGT1599.505 Network Boundary Bridging: GTP-U Abuse
FGT1499 SMO Flood"
FGM5512,Use high availability,Use high availability feature for all core network functions,
FGM5513,Use DESS security,Use Diameter End-to-end Signaling Security (DESS),
FGM5514,Minimize eNB connections,Minimize number of connections to eNB in NSA mode,
FGM5515,Move mIAB node,Move mIAB node to another location to avoid RF jamming,
FGM5516,Session lifetime,Allow OAuth20 tokens with short lifetime to prevent AiTM attacks by replaying stolen tokens ,
FGM5517,Use obfuscation at application layer,Use application layer data obfuscation technique for example use of Orbot as Tor proxy to send all traffic through Tor circuit,
FGM5518,Resource Policy enforcement,"Create and enforce resource policy; policy can include SLA, quotas, QOS etc ",
FGM5519,Integrate Performance and Change Management,5G operators should integrate performance and change management from their suppliers into their own OA&M tools to have complete visibility into service,
FGM5520,Use SBOM,Enforce policy to use signed Software Bill of Materials (SBOMs) and software,
FGM5540,Power supplies,Continuity of power supplies to equipment deployed in the field,
FGM5541,Risk modeling,Implement risk modeling of internal and external interfaces as part of architecture design and implement mitigations,
FGM5542,Application Layer Firewall,Filter packets with unusual payloads,
M0817,Supply chain management,"Implement a supply chain management program, including policies and procedures to ensure all devices and components originate from a trusted supplier and are tested to verify their integrity.",
M0947,Audit,"Perform audits or scans of systems, permissions, insecure software, insecure configurations, etc, to identify potential weaknesses; Perform periodic integrity checks of the device to validate the correctness of the firmware, software, programs, and configurations; Integrity checks, which typically include cryptographic hashes or digital signatures, should be compared to those obtained at known valid states, especially after events like device reboots, program downloads, or program restarts.","FGT5017, FGT1525"
M1001,Security Updates,Install security updates in response to discovered vulnerabilities,
M1009,Encrypt Network Traffic,"Application developers should encrypt all of their application network traffic using the Transport Layer Security (TLS) protocol to ensure protection of sensitive data and deter network-based attacks. If desired, application developers could perform message-based encryption of data before passing it for TLS encryption.",
M1010,Deploy Compromised Device Detection Method,"To identify compromised (for example, rooted/jailbroken) devices, use security mechanisms built directly into the device, third-party mobile security applications, enterprise mobility management (EMM)/mobile device management (MDM) capabilities.",
M1014,Interconnection Filtering,"In order to mitigate Signaling System 7 (SS7) exploitation, the Communications, Security, Reliability, and Interoperability Council (CSRIC) describes filtering interconnections between network operators to block inappropriate requests.",
M1016,Vulnerability Scanning,"Vulnerability scanning involves the automated or manual assessment of systems, applications, and networks to identify misconfigurations, unpatched software, or other security weaknesses. The process helps prioritize remediation efforts by classifying vulnerabilities based on risk and impact, reducing the likelihood of exploitation by adversaries. ",
M1017,User Training,"User Training involves educating employees and contractors on recognizing, reporting, and preventing cyber threats that rely on human interaction, such as phishing, social engineering, and other manipulative techniques. Comprehensive training programs create a human firewall by empowering users to be an active component of the organization's cybersecurity defenses.",
M1018,User Account Management,"User Account Management involves implementing and enforcing policies for the lifecycle of user accounts, including creation, modification, and deactivation. Proper account management reduces the attack surface by limiting unauthorized access, managing account privileges, and ensuring accounts are used according to organizational policies. ",
M1020,SSL/TLS Inspection,"SSL/TLS inspection involves decrypting encrypted network traffic to examine its content for signs of malicious activity. This capability is crucial for detecting threats that use encryption to evade detection, such as phishing, malware, or data exfiltration. After inspection, the traffic is re-encrypted and forwarded to its destination. ",
M1021,Restrict Web-Based Content,"Restricting web-based content involves enforcing policies and technologies that limit access to potentially malicious websites, unsafe downloads, and unauthorized browser behaviors. This can include URL filtering, download restrictions, script blocking, and extension control to protect against exploitation, phishing, and malware delivery.",
M1022,Restrict File and Directory Permissions,"Restricting library loading involves implementing security controls to ensure that only trusted and verified libraries (DLLs, shared objects, etc.) are loaded into processes. Adversaries often abuse Dynamic-Link Library (DLL) Injection, DLL Search Order Hijacking, or LD_PRELOAD mechanisms to execute malicious code by forcing the operating system to load untrusted libraries. ",
M1025,Privileged Process Integrity,"Privileged Process Integrity focuses on defending highly privileged processes (e.g., system services, antivirus, or authentication processes) from tampering, injection, or compromise by adversaries. These processes often interact with critical components, making them prime targets for techniques like code injection, privilege escalation, and process manipulation.",
M1026,Privileged Account Management,"Privileged Account Management focuses on implementing policies, controls, and tools to securely manage privileged accounts (e.g., SYSTEM, root, or administrative accounts). This includes restricting access, limiting the scope of permissions, monitoring privileged account usage, and ensuring accountability through logging and auditing.",
M1027,Password Policies,"Set and enforce secure password policies for accounts to reduce the likelihood of unauthorized access. Strong password policies include enforcing password complexity, requiring regular password changes, and preventing password reuse.",
M1028,Operating System Configuration,"Operating System Configuration involves adjusting system settings and hardening the default configurations of an operating system (OS) to mitigate adversary exploitation and prevent abuse of system functionality Proper OS configurations address security vulnerabilities, limit attack surfaces, and ensure robust defense against a wide range of techniques",
M1029,Remote Data Storage,"Remote Data Storage focuses on moving critical data, such as security logs and sensitive files, to secure, off-host locations to minimize unauthorized access, tampering, or destruction by adversaries. By leveraging remote storage solutions, organizations enhance the protection of forensic evidence, sensitive information, and monitoring data.",
M1030,Network Segmentation,"Network segmentation involves dividing a network into smaller, isolated segments to control and limit the flow of traffic between devices, systems, and applications. By segmenting networks, organizations can reduce the attack surface, restrict lateral movement by adversaries, and protect critical assets from compromise.",
M1031,Network Intrusion Prevention,Use intrusion detection signatures to block traffic at network boundaries,
M1032,Multi-factor Authentication,Multi-Factor Authentication (MFA) enhances security by requiring users to provide at least two forms of verification to prove their identity before granting access,
M1033,Limit Software Installation,"Prevent users or groups from installing unauthorized or unapproved software to reduce the risk of introducing malicious or vulnerable applications. This can be achieved through allowlists, software restriction policies, endpoint management tools, and least privilege access principles",
M1034,Limit Hardware Installation,"Prevent unauthorized users or groups from installing or using hardware, such as external drives, peripheral devices, or unapproved internal hardware components, by enforcing hardware usage policies and technical controls. This includes disabling USB ports, restricting driver installation, and implementing endpoint security tools to monitor and block unapproved devices. ",
M1035,Limit Access to Resource Over Network,"Restrict access to network resources, such as file shares, remote systems, and services, to only those users, accounts, or systems with a legitimate business requirement. This can include employing technologies like network concentrators, RDP gateways, and zero-trust network access (ZTNA) models, alongside hardening services and protocols.",
M1037,Filter Network Traffic,"Employ network appliances and endpoint software to filter ingress, egress, and lateral network traffic. This includes protocol-based filtering, enforcing firewall rules, and blocking or restricting traffic based on predefined conditions to limit adversary movement and data exfiltration",
M1038,Execution Prevention,"Prevent the execution of unauthorized or malicious code on systems by implementing application control, script blocking, and other execution prevention mechanisms. This ensures that only trusted and authorized code is executed, reducing the risk of malware and unauthorized actions.",
M1040,Behavior Prevention on Endpoint,"Behavior Prevention on Endpoint refers to the use of technologies and strategies to detect and block potentially malicious activities by analyzing the behavior of processes, files, API calls, and other endpoint events. Rather than relying solely on known signatures, this approach leverages heuristics, machine learning, and real-time monitoring to identify anomalous patterns indicative of an attack. ",
M1041,Encrypt Sensitive Information,"Protect sensitive information at rest, in transit, and during processing by using strong encryption algorithms. Encryption ensures the confidentiality and integrity of data, preventing unauthorized access or tampering.",
M1042,Disable or Remove Feature or Program,"Disable or remove unnecessary and potentially vulnerable software, features, or services to reduce the attack surface and prevent abuse by adversaries. This involves identifying software or features that are no longer needed or that could be exploited and ensuring they are either removed or properly disabled.",
M1043,Credential Access Protection,"Credential Access Protection focuses on implementing measures to prevent adversaries from obtaining credentials, such as passwords, hashes, tokens, or keys, that could be used for unauthorized access. This involves restricting access to credential storage mechanisms, hardening configurations to block credential dumping methods, and using monitoring tools to detect suspicious credential-related activity. ",
M1045,Code Signing,"Code Signing is a security process that ensures the authenticity and integrity of software by digitally signing executables, scripts, and other code artifacts. It prevents untrusted or malicious code from executing by verifying the digital signatures against trusted sources. Code signing protects against tampering, impersonation, and distribution of unauthorized or malicious software, forming a critical defense against supply chain and software exploitation attacks.",
M1046,Boot Integrity,"Boot Integrity ensures that a system starts securely by verifying the integrity of its boot process, operating system, and associated components. This mitigation focuses on leveraging secure boot mechanisms, hardware-rooted trust, and runtime integrity checks to prevent tampering during the boot sequence. It is designed to thwart adversaries attempting to modify system firmware, bootloaders, or critical OS components.",
M1047,Audit,Auditing is the process of recording activity and systematically reviewing and analyzing the activity and system configurations. The primary purpose of auditing is to detect anomalies and identify potential threats or weaknesses in the environment. Proper auditing configurations can also help to meet compliance requirements. The process of auditing encompasses regular analysis of user behaviors and system logs in support of proactive security measures,
M1048,Application Isolation and Sandboxing,"Application Isolation and Sandboxing refers to the technique of restricting the execution of code to a controlled and isolated environment (e.g., a virtual environment, container, or sandbox). This method prevents potentially malicious code from affecting the rest of the system or network by limiting access to sensitive resources and critical operations. The goal is to contain threats and minimize their impact",
M1049,Anti-virus & Anti-malware,"Antivirus/Antimalware solutions utilize signatures, heuristics, and behavioral analysis to detect, block, and remediate malicious software, including viruses, trojans, ransomware, and spyware. These solutions continuously monitor endpoints and systems for known malicious patterns and suspicious behaviors that indicate compromise. Antivirus/Antimalware software should be deployed across all devices, with automated updates to ensure protection against the latest threats",
M1050,Exploit Protection,"Deploy capabilities that detect, block, and mitigate conditions indicative of software exploits. These capabilities aim to prevent exploitation by addressing vulnerabilities, monitoring anomalous behaviors, and applying exploit-mitigation techniques to harden systems and software",
M1051,Update Software,"Software updates ensure systems are protected against known vulnerabilities by applying patches and upgrades provided by vendors. Regular updates reduce the attack surface and prevent adversaries from exploiting known security gaps. This includes patching operating systems, applications, drivers, and firmware.",
M1053,Data Backup,"Data Backup involves taking and securely storing backups of data from end-user systems and critical servers. It ensures that data remains available in the event of system compromise, ransomware attacks, or other disruptions. Backup processes should include hardening backup systems, implementing secure storage solutions, and keeping backups isolated from the corporate network to prevent compromise during active incidents.",
M1054,Software Configuration,"Software configuration refers to making security-focused adjustments to the settings of applications, middleware, databases, or other software to mitigate potential threats. These changes help reduce the attack surface, enforce best practices, and protect sensitive data.",
M1056,Pre-compromise,"This category is used for any applicable mitigation activities that apply to techniques occurring before an adversary gains Initial Access, such as Reconnaissance and Resource Development techniques",
M1057,Data Loss Prevention,"Data Loss Prevention (DLP) refers to strategies and technologies to identify, categorize, monitor, and control the movement of sensitive data within an organization; This includes protecting data formats indicative of Personally Identifiable Information (PII), intellectual property, or financial data from unauthorized access, transmission, or exfiltration.",
M1058,Antivirus/Antimalware,"Mobile security products, such as Mobile Threat Defense (MTD), offer various device-based mitigations against certain behaviors",
